P,C,
https://yourwebsite.com/aldi-curbside-pickup/,https://yourwebsite.com/joseph-larson-net-worth-age-height-relationship-status/,Joseph Larson Net worth Age Height Relationship Status
https://yourwebsite.com/aldi-curbside-pickup/,https://yourwebsite.com/when-does-chick-fil-a-stop-serving-breakfast/,When Does Chick Fil a Stop Serving Breakfast
https://yourwebsite.com/aldi-curbside-pickup/,https://yourwebsite.com/can-someone-see-your-address-on-the-amazon-wishlist/,Can Someone See Your Address on the Amazon Wishlist
https://yourwebsite.com/best-cities-for-real-estate-investment/,https://yourwebsite.com/how-long-does-goat-take-to-ship/,How Long Does Goat Take to Ship
https://yourwebsite.com/best-cities-for-real-estate-investment/,https://yourwebsite.com/what-does-te-fiti-mean-in-moana/,What Does Te Fiti Mean in Moana
https://yourwebsite.com/best-cities-for-real-estate-investment/,https://yourwebsite.com/who-is-ziwe-fumudoh-how-rich-is-she/,Who Is Ziwe Fumudoh How Rich Is She
https://yourwebsite.com/best-places-to-buy-a-house/,https://yourwebsite.com/does-panda-express-take-apple-pay/,Does Panda Express Take Apple Pay
https://yourwebsite.com/best-places-to-buy-a-house/,https://yourwebsite.com/where-does-shein-ship-from/,Where Does Shein Ship From
https://yourwebsite.com/best-places-to-buy-a-house/,https://yourwebsite.com/when-do-grocery-stores-restock/,When Do Grocery Stores Restock
https://yourwebsite.com/best-state-to-form-an-llc/,https://yourwebsite.com/what-time-does-kroger-close-and-open/,What Time Does Kroger Close and Open
https://yourwebsite.com/best-state-to-form-an-llc/,https://yourwebsite.com/how-old-do-you-have-to-be-to-work-at-dollar-tree/,How Old Do You Have to Be to Work at Dollar Tree
https://yourwebsite.com/best-state-to-form-an-llc/,https://yourwebsite.com/does-cvs-take-ebt/,Does Cvs Take Ebt
https://yourwebsite.com/can-a-canadian-buy-a-house-in-the-usa/,https://yourwebsite.com/do-walmart-employees-get-a-discount/,Do Walmart Employees Get a Discount
https://yourwebsite.com/can-a-canadian-buy-a-house-in-the-usa/,https://yourwebsite.com/how-old-do-you-have-to-be-to-work-at-taco-bell/,How Old Do You Have to Be to Work at Taco Bell
https://yourwebsite.com/can-a-canadian-buy-a-house-in-the-usa/,https://yourwebsite.com/does-instacart-accept-ebt/,Does Instacart Accept Ebt
https://yourwebsite.com/can-a-foreigner-buy-a-house-in-the-us/,https://yourwebsite.com/sprouts-vs-whole-foods-vs-trader-joes/,Sprouts Vs Whole Foods Vs Trader Joes
https://yourwebsite.com/can-a-foreigner-buy-a-house-in-the-us/,https://yourwebsite.com/how-tall-is-gon/,How Tall Is Gon
https://yourwebsite.com/can-a-foreigner-buy-a-house-in-the-us/,https://yourwebsite.com/eren-pointing-at-the-ocean/,Eren Pointing at the Ocean
https://yourwebsite.com/can-foreigners-open-us-bank-accounts/,https://yourwebsite.com/how-old-do-you-have-to-be-to-work-at-target/,How Old Do You Have to Be to Work at Target
https://yourwebsite.com/can-foreigners-open-us-bank-accounts/,https://yourwebsite.com/what-does-naruto-mean-in-japanese/,What Does Naruto Mean in Japanese
https://yourwebsite.com/can-foreigners-open-us-bank-accounts/,https://yourwebsite.com/where-is-cream-of-tartar-in-the-grocery-store/,Where Is Cream of Tartar in the Grocery Store
https://yourwebsite.com/can-international-students-make-money-from-youtube/,https://yourwebsite.com/costco-tequila-guide-prices/,Costco Tequila Guide Prices
https://yourwebsite.com/can-international-students-make-money-from-youtube/,https://yourwebsite.com/can-you-buy-protein-powder-with-ebt/,Can You Buy Protein Powder with Ebt
https://yourwebsite.com/can-international-students-make-money-from-youtube/,https://yourwebsite.com/how-did-cl-franklin-get-shot/,How Did Cl Franklin Get Shot
https://yourwebsite.com/can-someone-see-your-address-on-the-amazon-wishlist/,https://yourwebsite.com/where-are-capers-in-the-grocery-store/,Where Are Capers in the Grocery Store
https://yourwebsite.com/can-someone-see-your-address-on-the-amazon-wishlist/,https://yourwebsite.com/can-you-get-cash-back-with-apple-pay-at-7-11/,Can You Get Cash Back with Apple Pay at 7 11
https://yourwebsite.com/can-someone-see-your-address-on-the-amazon-wishlist/,https://yourwebsite.com/does-amazon-charge-right-away/,Does Amazon Charge Right Away
https://yourwebsite.com/can-you-buy-protein-powder-with-ebt/,https://yourwebsite.com/is-johari-pregnant-2022/,Is Johari Pregnant 2022
https://yourwebsite.com/can-you-buy-protein-powder-with-ebt/,https://yourwebsite.com/jessica-frances-dukes-age/,Jessica Frances Dukes Age
https://yourwebsite.com/can-you-buy-protein-powder-with-ebt/,https://yourwebsite.com/does-walmart-blow-up-balloons/,Does Walmart Blow up Balloons
https://yourwebsite.com/can-you-get-cash-back-with-apple-pay-at-7-11/,https://yourwebsite.com/how-did-john-duttons-wife-die/,How Did John Duttons Wife Die
https://yourwebsite.com/can-you-get-cash-back-with-apple-pay-at-7-11/,https://yourwebsite.com/what-weighs-200-grams/,What Weighs 200 Grams
https://yourwebsite.com/can-you-get-cash-back-with-apple-pay-at-7-11/,https://yourwebsite.com/what-weighs-50-00-grams/,What Weighs 50 00 Grams
https://yourwebsite.com/chinese-buying-property-in-the-usa/,https://yourwebsite.com/how-old-do-you-have-to-be-to-work-at-dairy-queen/,How Old Do You Have to Be to Work at Dairy Queen
https://yourwebsite.com/chinese-buying-property-in-the-usa/,https://yourwebsite.com/what-is-deanne-stidham-age/,What Is Deanne Stidham Age
https://yourwebsite.com/chinese-buying-property-in-the-usa/,https://yourwebsite.com/puma-black-ink-net-worth/,Puma Black Ink Net Worth
https://yourwebsite.com/costco-tequila-guide-prices/,https://yourwebsite.com/does-speedway-take-ebt/,Does Speedway Take Ebt
https://yourwebsite.com/costco-tequila-guide-prices/,https://yourwebsite.com/does-fubo-have-tnt/,Does Fubo Have Tnt
https://yourwebsite.com/costco-tequila-guide-prices/,https://yourwebsite.com/does-sheetz-take-ebt/,Does Sheetz Take Ebt
https://yourwebsite.com/creme-fraiche-where-to-find-it-and-how-to-use-it/,https://yourwebsite.com/where-to-watch-pitch-perfect/,Where to Watch Pitch Perfect
https://yourwebsite.com/creme-fraiche-where-to-find-it-and-how-to-use-it/,https://yourwebsite.com/where-can-i-watch-the-wolf-of-wall-street/,Where Can I Watch the Wolf of Wall Street
https://yourwebsite.com/creme-fraiche-where-to-find-it-and-how-to-use-it/,https://yourwebsite.com/what-does-nelk-stand-for/,What Does Nelk Stand For
https://yourwebsite.com/do-grocery-stores-accept-paypal/,https://yourwebsite.com/what-time-does-meijer-close-and-open/,What Time Does Meijer Close and Open
https://yourwebsite.com/do-grocery-stores-accept-paypal/,https://yourwebsite.com/perm-processing-time-2021/,Perm Processing Time 2021
https://yourwebsite.com/do-grocery-stores-accept-paypal/,https://yourwebsite.com/dscr-loan/,Dscr Loan
https://yourwebsite.com/do-walmart-employees-get-a-discount/,https://yourwebsite.com/how-old-do-you-have-to-be-to-work-at-sams-club/,How Old Do You Have to Be to Work at Sams Club
https://yourwebsite.com/do-walmart-employees-get-a-discount/,https://yourwebsite.com/where-to-find-egg-roll-wrappers-in-the-grocery-store/,Where to Find Egg Roll Wrappers in the Grocery Store
https://yourwebsite.com/do-walmart-employees-get-a-discount/,https://yourwebsite.com/can-foreigners-open-us-bank-accounts/,Can Foreigners Open Us Bank Accounts
https://yourwebsite.com/do-whole-foods-take-ebt/,https://yourwebsite.com/where-is-lemon-juice-in-the-grocery-store/,Where Is Lemon Juice in the Grocery Store
https://yourwebsite.com/do-whole-foods-take-ebt/,https://yourwebsite.com/best-places-to-buy-a-house/,Best Places to Buy a House
https://yourwebsite.com/do-whole-foods-take-ebt/,https://yourwebsite.com/can-a-foreigner-buy-a-house-in-the-us/,Can a Foreigner Buy a House in the Us
https://yourwebsite.com/does-aldi-accept-ebt/,https://yourwebsite.com/does-walmart-cash-lottery-tickets/,Does Walmart Cash Lottery Tickets
https://yourwebsite.com/does-aldi-accept-ebt/,https://yourwebsite.com/is-it-worth-moving-to-the-usa/,Is It worth Moving to the Usa
https://yourwebsite.com/does-aldi-accept-ebt/,https://yourwebsite.com/where-is-molasses-in-the-grocery-store-what-aisle/,Where Is Molasses in the Grocery Store What Aisle
https://yourwebsite.com/does-amazon-charge-right-away/,https://yourwebsite.com/does-dollar-general-take-ebt/,Does Dollar General Take Ebt
https://yourwebsite.com/does-amazon-charge-right-away/,https://yourwebsite.com/does-sams-club-take-ebt/,Does Sams Club Take Ebt
https://yourwebsite.com/does-amazon-charge-right-away/,https://yourwebsite.com/health-insurance-foreigners/,Health Insurance Foreigners
https://yourwebsite.com/does-costco-take-ebt/,https://yourwebsite.com/where-is-miso-in-the-grocery-store/,Where Is Miso in the Grocery Store
https://yourwebsite.com/does-costco-take-ebt/,https://yourwebsite.com/does-winco-take-ebt/,Does Winco Take Ebt
https://yourwebsite.com/does-costco-take-ebt/,https://yourwebsite.com/dv-lottery-2022/,Dv Lottery 2022
https://yourwebsite.com/does-cvs-take-ebt/,https://yourwebsite.com/l1-visa-to-green-card/,L1 Visa to Green Card
https://yourwebsite.com/does-cvs-take-ebt/,https://yourwebsite.com/where-to-find-cotija-cheese-in-grocery-store/,Where to Find Cotija Cheese in Grocery Store
https://yourwebsite.com/does-cvs-take-ebt/,https://yourwebsite.com/best-cities-for-real-estate-investment/,Best Cities for Real Estate Investment
https://yourwebsite.com/does-debit-card-work-internationally/,https://yourwebsite.com/mortgage-for-foreign-nationals/,Mortgage for Foreign Nationals
https://yourwebsite.com/does-debit-card-work-internationally/,https://yourwebsite.com/aldi-curbside-pickup/,Aldi Curbside Pickup
https://yourwebsite.com/does-debit-card-work-internationally/,https://yourwebsite.com/foreign-investors-in-the-us-real-estate/,Foreign Investors in the Us Real Estate
https://yourwebsite.com/does-dollar-general-take-ebt/,https://yourwebsite.com/non-permanent-resident-alien/,Non Permanent Resident Alien
https://yourwebsite.com/does-dollar-general-take-ebt/,https://yourwebsite.com/how-many-apples-in-a-pound/,How Many Apples in a Pound
https://yourwebsite.com/does-dollar-general-take-ebt/,https://yourwebsite.com/can-a-canadian-buy-a-house-in-the-usa/,Can a Canadian Buy a House in the Usa
https://yourwebsite.com/does-fubo-have-tnt/,https://yourwebsite.com/watch-indian-television-shows-online/,Watch Indian Television Shows Online
https://yourwebsite.com/does-fubo-have-tnt/,https://yourwebsite.com/do-grocery-stores-accept-paypal/,Do Grocery Stores Accept Paypal
https://yourwebsite.com/does-fubo-have-tnt/,https://yourwebsite.com/can-international-students-make-money-from-youtube/,Can International Students Make Money from Youtube
https://yourwebsite.com/does-hmart-take-ebt/,https://yourwebsite.com/chinese-buying-property-in-the-usa/,Chinese Buying Property in the Usa
https://yourwebsite.com/does-hmart-take-ebt/,https://yourwebsite.com/how-long-does-electronic-transfer-take/,How Long Does Electronic Transfer Take
https://yourwebsite.com/does-hmart-take-ebt/,https://yourwebsite.com/does-wegmans-take-ebt/,Does Wegmans Take Ebt
https://yourwebsite.com/does-instacart-accept-ebt/,https://yourwebsite.com/how-to-withdraw-money-from-a-savings-account/,How to Withdraw Money from a Savings Account
https://yourwebsite.com/does-instacart-accept-ebt/,https://yourwebsite.com/creme-fraiche-where-to-find-it-and-how-to-use-it/,Creme Fraiche Where to Find It and How to Use It
https://yourwebsite.com/does-instacart-accept-ebt/,https://yourwebsite.com/does-kroger-take-ebt/,Does Kroger Take Ebt
https://yourwebsite.com/does-kroger-take-ebt/,https://yourwebsite.com/how-to-save-30-000-in-a-year/,How to save 30 000 in a Year
https://yourwebsite.com/does-kroger-take-ebt/,https://yourwebsite.com/does-debit-card-work-internationally/,Does Debit Card Work Internationally
https://yourwebsite.com/does-kroger-take-ebt/,https://yourwebsite.com/does-safeway-take-ebt/,Does Safeway Take Ebt
https://yourwebsite.com/does-lidl-take-ebt/,https://yourwebsite.com/wire-from-savings-account/,Wire from Savings Account
https://yourwebsite.com/does-lidl-take-ebt/,https://yourwebsite.com/does-lidl-take-ebt/,Does Lidl Take Ebt
https://yourwebsite.com/does-lidl-take-ebt/,https://yourwebsite.com/usa-bank-account-for-non-residents/,Usa Bank Account for Non Residents
https://yourwebsite.com/does-panda-express-take-apple-pay/,https://yourwebsite.com/is-most-baking-powder-aluminum-free/,Is Most Baking Powder Aluminum Free
https://yourwebsite.com/does-panda-express-take-apple-pay/,https://yourwebsite.com/how-to-open-company-in-the-usa/,How to Open Company in the Usa
https://yourwebsite.com/does-panda-express-take-apple-pay/,https://yourwebsite.com/where-to-find-citric-acid-at-the-grocery-store/,Where to Find Citric Acid at the Grocery Store
https://yourwebsite.com/does-publix-take-ebt/,https://yourwebsite.com/best-state-to-form-an-llc/,Best State to Form an Llc
https://yourwebsite.com/does-publix-take-ebt/,https://yourwebsite.com/does-hmart-take-ebt/,Does Hmart Take Ebt
https://yourwebsite.com/does-publix-take-ebt/,https://yourwebsite.com/what-time-does-sams-club-close-and-open/,What Time Does Sams Club Close and Open
https://yourwebsite.com/does-safeway-take-ebt/,https://yourwebsite.com/does-publix-take-ebt/,Does Publix Take Ebt
https://yourwebsite.com/does-safeway-take-ebt/,https://yourwebsite.com/does-walgreens-take-ebt/,Does Walgreens Take Ebt
https://yourwebsite.com/does-safeway-take-ebt/,https://yourwebsite.com/where-is-buttermilk-in-a-grocery-store/,Where Is Buttermilk in a Grocery Store
https://yourwebsite.com/does-sams-club-take-ebt/,https://yourwebsite.com/where-to-find-chia-seeds-in-the-grocery-store/,Where to Find Chia Seeds in the Grocery Store
https://yourwebsite.com/does-sams-club-take-ebt/,https://yourwebsite.com/where-is-tahini-in-walmart/,Where Is Tahini in Walmart
https://yourwebsite.com/does-sams-club-take-ebt/,https://yourwebsite.com/does-aldi-accept-ebt/,Does Aldi Accept Ebt
https://yourwebsite.com/does-sheetz-take-ebt/,https://yourwebsite.com/does-trader-joes-take-ebt/,Does Trader Joes Take Ebt
https://yourwebsite.com/does-sheetz-take-ebt/,https://yourwebsite.com/do-whole-foods-take-ebt/,Do Whole Foods Take Ebt
https://yourwebsite.com/does-sheetz-take-ebt/,https://yourwebsite.com/does-costco-take-ebt/,Does Costco Take Ebt
https://yourwebsite.com/does-speedway-take-ebt/,https://yourwebsite.com/where-to-buy-bags-of-ice-near-me/,Where to Buy Bags of Ice near Me
https://yourwebsite.com/does-speedway-take-ebt/,https://yourwebsite.com/does-target-accept-ebt/,Does Target Accept Ebt
https://yourwebsite.com/does-speedway-take-ebt/,https://yourwebsite.com/joseph-larson-net-worth-age-height-relationship-status/,Joseph Larson Net worth Age Height Relationship Status
https://yourwebsite.com/does-target-accept-ebt/,https://yourwebsite.com/when-does-chick-fil-a-stop-serving-breakfast/,When Does Chick Fil a Stop Serving Breakfast
https://yourwebsite.com/does-target-accept-ebt/,https://yourwebsite.com/can-someone-see-your-address-on-the-amazon-wishlist/,Can Someone See Your Address on the Amazon Wishlist
https://yourwebsite.com/does-target-accept-ebt/,https://yourwebsite.com/how-long-does-goat-take-to-ship/,How Long Does Goat Take to Ship
https://yourwebsite.com/does-trader-joes-take-ebt/,https://yourwebsite.com/what-does-te-fiti-mean-in-moana/,What Does Te Fiti Mean in Moana
https://yourwebsite.com/does-trader-joes-take-ebt/,https://yourwebsite.com/who-is-ziwe-fumudoh-how-rich-is-she/,Who Is Ziwe Fumudoh How Rich Is She
https://yourwebsite.com/does-trader-joes-take-ebt/,https://yourwebsite.com/does-panda-express-take-apple-pay/,Does Panda Express Take Apple Pay
https://yourwebsite.com/does-walgreens-take-ebt/,https://yourwebsite.com/where-does-shein-ship-from/,Where Does Shein Ship From
https://yourwebsite.com/does-walgreens-take-ebt/,https://yourwebsite.com/when-do-grocery-stores-restock/,When Do Grocery Stores Restock
https://yourwebsite.com/does-walgreens-take-ebt/,https://yourwebsite.com/what-time-does-kroger-close-and-open/,What Time Does Kroger Close and Open
https://yourwebsite.com/does-walmart-blow-up-balloons/,https://yourwebsite.com/how-old-do-you-have-to-be-to-work-at-dollar-tree/,How Old Do You Have to Be to Work at Dollar Tree
https://yourwebsite.com/does-walmart-blow-up-balloons/,https://yourwebsite.com/does-cvs-take-ebt/,Does Cvs Take Ebt
https://yourwebsite.com/does-walmart-blow-up-balloons/,https://yourwebsite.com/do-walmart-employees-get-a-discount/,Do Walmart Employees Get a Discount
https://yourwebsite.com/does-walmart-cash-lottery-tickets/,https://yourwebsite.com/how-old-do-you-have-to-be-to-work-at-taco-bell/,How Old Do You Have to Be to Work at Taco Bell
https://yourwebsite.com/does-walmart-cash-lottery-tickets/,https://yourwebsite.com/does-instacart-accept-ebt/,Does Instacart Accept Ebt
https://yourwebsite.com/does-walmart-cash-lottery-tickets/,https://yourwebsite.com/sprouts-vs-whole-foods-vs-trader-joes/,Sprouts Vs Whole Foods Vs Trader Joes
https://yourwebsite.com/does-wegmans-take-ebt/,https://yourwebsite.com/how-tall-is-gon/,How Tall Is Gon
https://yourwebsite.com/does-wegmans-take-ebt/,https://yourwebsite.com/eren-pointing-at-the-ocean/,Eren Pointing at the Ocean
https://yourwebsite.com/does-wegmans-take-ebt/,https://yourwebsite.com/how-old-do-you-have-to-be-to-work-at-target/,How Old Do You Have to Be to Work at Target
https://yourwebsite.com/does-winco-take-ebt/,https://yourwebsite.com/what-does-naruto-mean-in-japanese/,What Does Naruto Mean in Japanese
https://yourwebsite.com/does-winco-take-ebt/,https://yourwebsite.com/where-is-cream-of-tartar-in-the-grocery-store/,Where Is Cream of Tartar in the Grocery Store
https://yourwebsite.com/does-winco-take-ebt/,https://yourwebsite.com/costco-tequila-guide-prices/,Costco Tequila Guide Prices
https://yourwebsite.com/dscr-loan/,https://yourwebsite.com/can-you-buy-protein-powder-with-ebt/,Can You Buy Protein Powder with Ebt
https://yourwebsite.com/dscr-loan/,https://yourwebsite.com/how-did-cl-franklin-get-shot/,How Did Cl Franklin Get Shot
https://yourwebsite.com/dscr-loan/,https://yourwebsite.com/where-are-capers-in-the-grocery-store/,Where Are Capers in the Grocery Store
https://yourwebsite.com/dv-lottery-2022/,https://yourwebsite.com/can-you-get-cash-back-with-apple-pay-at-7-11/,Can You Get Cash Back with Apple Pay at 7 11
https://yourwebsite.com/dv-lottery-2022/,https://yourwebsite.com/does-amazon-charge-right-away/,Does Amazon Charge Right Away
https://yourwebsite.com/dv-lottery-2022/,https://yourwebsite.com/is-johari-pregnant-2022/,Is Johari Pregnant 2022
https://yourwebsite.com/eren-pointing-at-the-ocean/,https://yourwebsite.com/jessica-frances-dukes-age/,Jessica Frances Dukes Age
https://yourwebsite.com/eren-pointing-at-the-ocean/,https://yourwebsite.com/does-walmart-blow-up-balloons/,Does Walmart Blow up Balloons
https://yourwebsite.com/eren-pointing-at-the-ocean/,https://yourwebsite.com/how-did-john-duttons-wife-die/,How Did John Duttons Wife Die
https://yourwebsite.com/foreign-investors-in-the-us-real-estate/,https://yourwebsite.com/what-weighs-200-grams/,What Weighs 200 Grams
https://yourwebsite.com/foreign-investors-in-the-us-real-estate/,https://yourwebsite.com/what-weighs-50-00-grams/,What Weighs 50 00 Grams
https://yourwebsite.com/foreign-investors-in-the-us-real-estate/,https://yourwebsite.com/how-old-do-you-have-to-be-to-work-at-dairy-queen/,How Old Do You Have to Be to Work at Dairy Queen
https://yourwebsite.com/health-insurance-foreigners/,https://yourwebsite.com/what-is-deanne-stidham-age/,What Is Deanne Stidham Age
https://yourwebsite.com/health-insurance-foreigners/,https://yourwebsite.com/puma-black-ink-net-worth/,Puma Black Ink Net Worth
https://yourwebsite.com/health-insurance-foreigners/,https://yourwebsite.com/does-speedway-take-ebt/,Does Speedway Take Ebt
https://yourwebsite.com/how-did-cl-franklin-get-shot/,https://yourwebsite.com/does-fubo-have-tnt/,Does Fubo Have Tnt
https://yourwebsite.com/how-did-cl-franklin-get-shot/,https://yourwebsite.com/does-sheetz-take-ebt/,Does Sheetz Take Ebt
https://yourwebsite.com/how-did-cl-franklin-get-shot/,https://yourwebsite.com/where-to-watch-pitch-perfect/,Where to Watch Pitch Perfect
https://yourwebsite.com/how-did-john-duttons-wife-die/,https://yourwebsite.com/where-can-i-watch-the-wolf-of-wall-street/,Where Can I Watch the Wolf of Wall Street
https://yourwebsite.com/how-did-john-duttons-wife-die/,https://yourwebsite.com/what-does-nelk-stand-for/,What Does Nelk Stand For
https://yourwebsite.com/how-did-john-duttons-wife-die/,https://yourwebsite.com/what-time-does-meijer-close-and-open/,What Time Does Meijer Close and Open
https://yourwebsite.com/how-long-does-electronic-transfer-take/,https://yourwebsite.com/perm-processing-time-2021/,Perm Processing Time 2021
https://yourwebsite.com/how-long-does-electronic-transfer-take/,https://yourwebsite.com/dscr-loan/,Dscr Loan
https://yourwebsite.com/how-long-does-electronic-transfer-take/,https://yourwebsite.com/how-old-do-you-have-to-be-to-work-at-sams-club/,How Old Do You Have to Be to Work at Sams Club
https://yourwebsite.com/how-long-does-goat-take-to-ship/,https://yourwebsite.com/where-to-find-egg-roll-wrappers-in-the-grocery-store/,Where to Find Egg Roll Wrappers in the Grocery Store
https://yourwebsite.com/how-long-does-goat-take-to-ship/,https://yourwebsite.com/can-foreigners-open-us-bank-accounts/,Can Foreigners Open Us Bank Accounts
https://yourwebsite.com/how-long-does-goat-take-to-ship/,https://yourwebsite.com/where-is-lemon-juice-in-the-grocery-store/,Where Is Lemon Juice in the Grocery Store
https://yourwebsite.com/how-many-apples-in-a-pound/,https://yourwebsite.com/best-places-to-buy-a-house/,Best Places to Buy a House
https://yourwebsite.com/how-many-apples-in-a-pound/,https://yourwebsite.com/can-a-foreigner-buy-a-house-in-the-us/,Can a Foreigner Buy a House in the Us
https://yourwebsite.com/how-many-apples-in-a-pound/,https://yourwebsite.com/does-walmart-cash-lottery-tickets/,Does Walmart Cash Lottery Tickets
https://yourwebsite.com/how-old-do-you-have-to-be-to-work-at-dairy-queen/,https://yourwebsite.com/is-it-worth-moving-to-the-usa/,Is It worth Moving to the Usa
https://yourwebsite.com/how-old-do-you-have-to-be-to-work-at-dairy-queen/,https://yourwebsite.com/where-is-molasses-in-the-grocery-store-what-aisle/,Where Is Molasses in the Grocery Store What Aisle
https://yourwebsite.com/how-old-do-you-have-to-be-to-work-at-dairy-queen/,https://yourwebsite.com/does-dollar-general-take-ebt/,Does Dollar General Take Ebt
https://yourwebsite.com/how-old-do-you-have-to-be-to-work-at-dollar-tree/,https://yourwebsite.com/does-sams-club-take-ebt/,Does Sams Club Take Ebt
https://yourwebsite.com/how-old-do-you-have-to-be-to-work-at-dollar-tree/,https://yourwebsite.com/health-insurance-foreigners/,Health Insurance Foreigners
https://yourwebsite.com/how-old-do-you-have-to-be-to-work-at-dollar-tree/,https://yourwebsite.com/where-is-miso-in-the-grocery-store/,Where Is Miso in the Grocery Store
https://yourwebsite.com/how-old-do-you-have-to-be-to-work-at-sams-club/,https://yourwebsite.com/does-winco-take-ebt/,Does Winco Take Ebt
https://yourwebsite.com/how-old-do-you-have-to-be-to-work-at-sams-club/,https://yourwebsite.com/dv-lottery-2022/,Dv Lottery 2022
https://yourwebsite.com/how-old-do-you-have-to-be-to-work-at-sams-club/,https://yourwebsite.com/l1-visa-to-green-card/,L1 Visa to Green Card
https://yourwebsite.com/how-old-do-you-have-to-be-to-work-at-taco-bell/,https://yourwebsite.com/where-to-find-cotija-cheese-in-grocery-store/,Where to Find Cotija Cheese in Grocery Store
https://yourwebsite.com/how-old-do-you-have-to-be-to-work-at-taco-bell/,https://yourwebsite.com/best-cities-for-real-estate-investment/,Best Cities for Real Estate Investment
https://yourwebsite.com/how-old-do-you-have-to-be-to-work-at-taco-bell/,https://yourwebsite.com/mortgage-for-foreign-nationals/,Mortgage for Foreign Nationals
https://yourwebsite.com/how-old-do-you-have-to-be-to-work-at-target/,https://yourwebsite.com/aldi-curbside-pickup/,Aldi Curbside Pickup
https://yourwebsite.com/how-old-do-you-have-to-be-to-work-at-target/,https://yourwebsite.com/foreign-investors-in-the-us-real-estate/,Foreign Investors in the Us Real Estate
https://yourwebsite.com/how-old-do-you-have-to-be-to-work-at-target/,https://yourwebsite.com/non-permanent-resident-alien/,Non Permanent Resident Alien
https://yourwebsite.com/how-tall-is-gon/,https://yourwebsite.com/how-many-apples-in-a-pound/,How Many Apples in a Pound
https://yourwebsite.com/how-tall-is-gon/,https://yourwebsite.com/can-a-canadian-buy-a-house-in-the-usa/,Can a Canadian Buy a House in the Usa
https://yourwebsite.com/how-tall-is-gon/,https://yourwebsite.com/watch-indian-television-shows-online/,Watch Indian Television Shows Online
https://yourwebsite.com/how-to-open-company-in-the-usa/,https://yourwebsite.com/do-grocery-stores-accept-paypal/,Do Grocery Stores Accept Paypal
https://yourwebsite.com/how-to-open-company-in-the-usa/,https://yourwebsite.com/can-international-students-make-money-from-youtube/,Can International Students Make Money from Youtube
https://yourwebsite.com/how-to-open-company-in-the-usa/,https://yourwebsite.com/chinese-buying-property-in-the-usa/,Chinese Buying Property in the Usa
https://yourwebsite.com/how-to-save-30-000-in-a-year/,https://yourwebsite.com/how-long-does-electronic-transfer-take/,How Long Does Electronic Transfer Take
https://yourwebsite.com/how-to-save-30-000-in-a-year/,https://yourwebsite.com/does-wegmans-take-ebt/,Does Wegmans Take Ebt
https://yourwebsite.com/how-to-save-30-000-in-a-year/,https://yourwebsite.com/how-to-withdraw-money-from-a-savings-account/,How to Withdraw Money from a Savings Account
https://yourwebsite.com/how-to-withdraw-money-from-a-savings-account/,https://yourwebsite.com/creme-fraiche-where-to-find-it-and-how-to-use-it/,Creme Fraiche Where to Find It and How to Use It
https://yourwebsite.com/how-to-withdraw-money-from-a-savings-account/,https://yourwebsite.com/does-kroger-take-ebt/,Does Kroger Take Ebt
https://yourwebsite.com/how-to-withdraw-money-from-a-savings-account/,https://yourwebsite.com/how-to-save-30-000-in-a-year/,How to save 30 000 in a Year
https://yourwebsite.com/is-it-worth-moving-to-the-usa/,https://yourwebsite.com/does-debit-card-work-internationally/,Does Debit Card Work Internationally
https://yourwebsite.com/is-it-worth-moving-to-the-usa/,https://yourwebsite.com/does-safeway-take-ebt/,Does Safeway Take Ebt
https://yourwebsite.com/is-it-worth-moving-to-the-usa/,https://yourwebsite.com/wire-from-savings-account/,Wire from Savings Account
https://yourwebsite.com/is-johari-pregnant-2022/,https://yourwebsite.com/does-lidl-take-ebt/,Does Lidl Take Ebt
https://yourwebsite.com/is-johari-pregnant-2022/,https://yourwebsite.com/usa-bank-account-for-non-residents/,Usa Bank Account for Non Residents
https://yourwebsite.com/is-johari-pregnant-2022/,https://yourwebsite.com/is-most-baking-powder-aluminum-free/,Is Most Baking Powder Aluminum Free
https://yourwebsite.com/is-most-baking-powder-aluminum-free/,https://yourwebsite.com/how-to-open-company-in-the-usa/,How to Open Company in the Usa
https://yourwebsite.com/is-most-baking-powder-aluminum-free/,https://yourwebsite.com/where-to-find-citric-acid-at-the-grocery-store/,Where to Find Citric Acid at the Grocery Store
https://yourwebsite.com/is-most-baking-powder-aluminum-free/,https://yourwebsite.com/best-state-to-form-an-llc/,Best State to Form an Llc
https://yourwebsite.com/jessica-frances-dukes-age/,https://yourwebsite.com/does-hmart-take-ebt/,Does Hmart Take Ebt
https://yourwebsite.com/jessica-frances-dukes-age/,https://yourwebsite.com/what-time-does-sams-club-close-and-open/,What Time Does Sams Club Close and Open
https://yourwebsite.com/jessica-frances-dukes-age/,https://yourwebsite.com/does-publix-take-ebt/,Does Publix Take Ebt
https://yourwebsite.com/joseph-larson-net-worth-age-height-relationship-status/,https://yourwebsite.com/does-walgreens-take-ebt/,Does Walgreens Take Ebt
https://yourwebsite.com/joseph-larson-net-worth-age-height-relationship-status/,https://yourwebsite.com/where-is-buttermilk-in-a-grocery-store/,Where Is Buttermilk in a Grocery Store
https://yourwebsite.com/joseph-larson-net-worth-age-height-relationship-status/,https://yourwebsite.com/where-to-find-chia-seeds-in-the-grocery-store/,Where to Find Chia Seeds in the Grocery Store
https://yourwebsite.com/l1-visa-to-green-card/,https://yourwebsite.com/where-is-tahini-in-walmart/,Where Is Tahini in Walmart
https://yourwebsite.com/l1-visa-to-green-card/,https://yourwebsite.com/does-aldi-accept-ebt/,Does Aldi Accept Ebt
https://yourwebsite.com/l1-visa-to-green-card/,https://yourwebsite.com/does-trader-joes-take-ebt/,Does Trader Joes Take Ebt
https://yourwebsite.com/mortgage-for-foreign-nationals/,https://yourwebsite.com/do-whole-foods-take-ebt/,Do Whole Foods Take Ebt
https://yourwebsite.com/mortgage-for-foreign-nationals/,https://yourwebsite.com/does-costco-take-ebt/,Does Costco Take Ebt
https://yourwebsite.com/mortgage-for-foreign-nationals/,https://yourwebsite.com/where-to-buy-bags-of-ice-near-me/,Where to Buy Bags of Ice near Me
https://yourwebsite.com/non-permanent-resident-alien/,https://yourwebsite.com/does-target-accept-ebt/,Does Target Accept Ebt
https://yourwebsite.com/non-permanent-resident-alien/,https://yourwebsite.com/joseph-larson-net-worth-age-height-relationship-status/,Joseph Larson Net worth Age Height Relationship Status
https://yourwebsite.com/non-permanent-resident-alien/,https://yourwebsite.com/when-does-chick-fil-a-stop-serving-breakfast/,When Does Chick Fil a Stop Serving Breakfast
https://yourwebsite.com/perm-processing-time-2021/,https://yourwebsite.com/can-someone-see-your-address-on-the-amazon-wishlist/,Can Someone See Your Address on the Amazon Wishlist
https://yourwebsite.com/perm-processing-time-2021/,https://yourwebsite.com/how-long-does-goat-take-to-ship/,How Long Does Goat Take to Ship
https://yourwebsite.com/perm-processing-time-2021/,https://yourwebsite.com/what-does-te-fiti-mean-in-moana/,What Does Te Fiti Mean in Moana
https://yourwebsite.com/puma-black-ink-net-worth/,https://yourwebsite.com/who-is-ziwe-fumudoh-how-rich-is-she/,Who Is Ziwe Fumudoh How Rich Is She
https://yourwebsite.com/puma-black-ink-net-worth/,https://yourwebsite.com/does-panda-express-take-apple-pay/,Does Panda Express Take Apple Pay
https://yourwebsite.com/puma-black-ink-net-worth/,https://yourwebsite.com/where-does-shein-ship-from/,Where Does Shein Ship From
https://yourwebsite.com/sprouts-vs-whole-foods-vs-trader-joes/,https://yourwebsite.com/when-do-grocery-stores-restock/,When Do Grocery Stores Restock
https://yourwebsite.com/sprouts-vs-whole-foods-vs-trader-joes/,https://yourwebsite.com/what-time-does-kroger-close-and-open/,What Time Does Kroger Close and Open
https://yourwebsite.com/sprouts-vs-whole-foods-vs-trader-joes/,https://yourwebsite.com/how-old-do-you-have-to-be-to-work-at-dollar-tree/,How Old Do You Have to Be to Work at Dollar Tree
https://yourwebsite.com/usa-bank-account-for-non-residents/,https://yourwebsite.com/does-cvs-take-ebt/,Does Cvs Take Ebt
https://yourwebsite.com/usa-bank-account-for-non-residents/,https://yourwebsite.com/do-walmart-employees-get-a-discount/,Do Walmart Employees Get a Discount
https://yourwebsite.com/usa-bank-account-for-non-residents/,https://yourwebsite.com/how-old-do-you-have-to-be-to-work-at-taco-bell/,How Old Do You Have to Be to Work at Taco Bell
https://yourwebsite.com/watch-indian-television-shows-online/,https://yourwebsite.com/does-instacart-accept-ebt/,Does Instacart Accept Ebt
https://yourwebsite.com/watch-indian-television-shows-online/,https://yourwebsite.com/sprouts-vs-whole-foods-vs-trader-joes/,Sprouts Vs Whole Foods Vs Trader Joes
https://yourwebsite.com/watch-indian-television-shows-online/,https://yourwebsite.com/how-tall-is-gon/,How Tall Is Gon
https://yourwebsite.com/what-does-naruto-mean-in-japanese/,https://yourwebsite.com/eren-pointing-at-the-ocean/,Eren Pointing at the Ocean
https://yourwebsite.com/what-does-naruto-mean-in-japanese/,https://yourwebsite.com/how-old-do-you-have-to-be-to-work-at-target/,How Old Do You Have to Be to Work at Target
https://yourwebsite.com/what-does-naruto-mean-in-japanese/,https://yourwebsite.com/what-does-naruto-mean-in-japanese/,What Does Naruto Mean in Japanese
https://yourwebsite.com/what-does-nelk-stand-for/,https://yourwebsite.com/where-is-cream-of-tartar-in-the-grocery-store/,Where Is Cream of Tartar in the Grocery Store
https://yourwebsite.com/what-does-nelk-stand-for/,https://yourwebsite.com/costco-tequila-guide-prices/,Costco Tequila Guide Prices
https://yourwebsite.com/what-does-nelk-stand-for/,https://yourwebsite.com/can-you-buy-protein-powder-with-ebt/,Can You Buy Protein Powder with Ebt
https://yourwebsite.com/what-does-te-fiti-mean-in-moana/,https://yourwebsite.com/how-did-cl-franklin-get-shot/,How Did Cl Franklin Get Shot
https://yourwebsite.com/what-does-te-fiti-mean-in-moana/,https://yourwebsite.com/where-are-capers-in-the-grocery-store/,Where Are Capers in the Grocery Store
https://yourwebsite.com/what-does-te-fiti-mean-in-moana/,https://yourwebsite.com/can-you-get-cash-back-with-apple-pay-at-7-11/,Can You Get Cash Back with Apple Pay at 7 11
https://yourwebsite.com/what-is-deanne-stidham-age/,https://yourwebsite.com/does-amazon-charge-right-away/,Does Amazon Charge Right Away
https://yourwebsite.com/what-is-deanne-stidham-age/,https://yourwebsite.com/is-johari-pregnant-2022/,Is Johari Pregnant 2022
https://yourwebsite.com/what-is-deanne-stidham-age/,https://yourwebsite.com/jessica-frances-dukes-age/,Jessica Frances Dukes Age
https://yourwebsite.com/what-time-does-kroger-close-and-open/,https://yourwebsite.com/does-walmart-blow-up-balloons/,Does Walmart Blow up Balloons
https://yourwebsite.com/what-time-does-kroger-close-and-open/,https://yourwebsite.com/how-did-john-duttons-wife-die/,How Did John Duttons Wife Die
https://yourwebsite.com/what-time-does-kroger-close-and-open/,https://yourwebsite.com/what-weighs-200-grams/,What Weighs 200 Grams
https://yourwebsite.com/what-time-does-meijer-close-and-open/,https://yourwebsite.com/what-weighs-50-00-grams/,What Weighs 50 00 Grams
https://yourwebsite.com/what-time-does-meijer-close-and-open/,https://yourwebsite.com/how-old-do-you-have-to-be-to-work-at-dairy-queen/,How Old Do You Have to Be to Work at Dairy Queen
https://yourwebsite.com/what-time-does-meijer-close-and-open/,https://yourwebsite.com/what-is-deanne-stidham-age/,What Is Deanne Stidham Age
https://yourwebsite.com/what-time-does-sams-club-close-and-open/,https://yourwebsite.com/puma-black-ink-net-worth/,Puma Black Ink Net Worth
https://yourwebsite.com/what-time-does-sams-club-close-and-open/,https://yourwebsite.com/does-speedway-take-ebt/,Does Speedway Take Ebt
https://yourwebsite.com/what-time-does-sams-club-close-and-open/,https://yourwebsite.com/does-fubo-have-tnt/,Does Fubo Have Tnt
https://yourwebsite.com/what-weighs-200-grams/,https://yourwebsite.com/does-sheetz-take-ebt/,Does Sheetz Take Ebt
https://yourwebsite.com/what-weighs-200-grams/,https://yourwebsite.com/where-to-watch-pitch-perfect/,Where to Watch Pitch Perfect
https://yourwebsite.com/what-weighs-200-grams/,https://yourwebsite.com/where-can-i-watch-the-wolf-of-wall-street/,Where Can I Watch the Wolf of Wall Street
https://yourwebsite.com/what-weighs-50-00-grams/,https://yourwebsite.com/what-does-nelk-stand-for/,What Does Nelk Stand For
https://yourwebsite.com/what-weighs-50-00-grams/,https://yourwebsite.com/what-time-does-meijer-close-and-open/,What Time Does Meijer Close and Open
https://yourwebsite.com/what-weighs-50-00-grams/,https://yourwebsite.com/perm-processing-time-2021/,Perm Processing Time 2021
https://yourwebsite.com/when-do-grocery-stores-restock/,https://yourwebsite.com/dscr-loan/,Dscr Loan
https://yourwebsite.com/when-do-grocery-stores-restock/,https://yourwebsite.com/how-old-do-you-have-to-be-to-work-at-sams-club/,How Old Do You Have to Be to Work at Sams Club
https://yourwebsite.com/when-do-grocery-stores-restock/,https://yourwebsite.com/where-to-find-egg-roll-wrappers-in-the-grocery-store/,Where to Find Egg Roll Wrappers in the Grocery Store
https://yourwebsite.com/when-does-chick-fil-a-stop-serving-breakfast/,https://yourwebsite.com/can-foreigners-open-us-bank-accounts/,Can Foreigners Open Us Bank Accounts
https://yourwebsite.com/when-does-chick-fil-a-stop-serving-breakfast/,https://yourwebsite.com/where-is-lemon-juice-in-the-grocery-store/,Where Is Lemon Juice in the Grocery Store
https://yourwebsite.com/when-does-chick-fil-a-stop-serving-breakfast/,https://yourwebsite.com/best-places-to-buy-a-house/,Best Places to Buy a House
https://yourwebsite.com/where-are-capers-in-the-grocery-store/,https://yourwebsite.com/can-a-foreigner-buy-a-house-in-the-us/,Can a Foreigner Buy a House in the Us
https://yourwebsite.com/where-are-capers-in-the-grocery-store/,https://yourwebsite.com/does-walmart-cash-lottery-tickets/,Does Walmart Cash Lottery Tickets
https://yourwebsite.com/where-are-capers-in-the-grocery-store/,https://yourwebsite.com/is-it-worth-moving-to-the-usa/,Is It worth Moving to the Usa
https://yourwebsite.com/where-can-i-watch-the-wolf-of-wall-street/,https://yourwebsite.com/where-is-molasses-in-the-grocery-store-what-aisle/,Where Is Molasses in the Grocery Store What Aisle
https://yourwebsite.com/where-can-i-watch-the-wolf-of-wall-street/,https://yourwebsite.com/does-dollar-general-take-ebt/,Does Dollar General Take Ebt
https://yourwebsite.com/where-can-i-watch-the-wolf-of-wall-street/,https://yourwebsite.com/does-sams-club-take-ebt/,Does Sams Club Take Ebt
https://yourwebsite.com/where-does-shein-ship-from/,https://yourwebsite.com/health-insurance-foreigners/,Health Insurance Foreigners
https://yourwebsite.com/where-does-shein-ship-from/,https://yourwebsite.com/where-is-miso-in-the-grocery-store/,Where Is Miso in the Grocery Store
https://yourwebsite.com/where-does-shein-ship-from/,https://yourwebsite.com/does-winco-take-ebt/,Does Winco Take Ebt
https://yourwebsite.com/where-is-buttermilk-in-a-grocery-store/,https://yourwebsite.com/dv-lottery-2022/,Dv Lottery 2022
https://yourwebsite.com/where-is-buttermilk-in-a-grocery-store/,https://yourwebsite.com/l1-visa-to-green-card/,L1 Visa to Green Card
https://yourwebsite.com/where-is-buttermilk-in-a-grocery-store/,https://yourwebsite.com/where-to-find-cotija-cheese-in-grocery-store/,Where to Find Cotija Cheese in Grocery Store
https://yourwebsite.com/where-is-cream-of-tartar-in-the-grocery-store/,https://yourwebsite.com/best-cities-for-real-estate-investment/,Best Cities for Real Estate Investment
https://yourwebsite.com/where-is-cream-of-tartar-in-the-grocery-store/,https://yourwebsite.com/mortgage-for-foreign-nationals/,Mortgage for Foreign Nationals
https://yourwebsite.com/where-is-cream-of-tartar-in-the-grocery-store/,https://yourwebsite.com/aldi-curbside-pickup/,Aldi Curbside Pickup
https://yourwebsite.com/where-is-lemon-juice-in-the-grocery-store/,https://yourwebsite.com/foreign-investors-in-the-us-real-estate/,Foreign Investors in the Us Real Estate
https://yourwebsite.com/where-is-lemon-juice-in-the-grocery-store/,https://yourwebsite.com/non-permanent-resident-alien/,Non Permanent Resident Alien
https://yourwebsite.com/where-is-lemon-juice-in-the-grocery-store/,https://yourwebsite.com/how-many-apples-in-a-pound/,How Many Apples in a Pound
https://yourwebsite.com/where-is-miso-in-the-grocery-store/,https://yourwebsite.com/can-a-canadian-buy-a-house-in-the-usa/,Can a Canadian Buy a House in the Usa
https://yourwebsite.com/where-is-miso-in-the-grocery-store/,https://yourwebsite.com/watch-indian-television-shows-online/,Watch Indian Television Shows Online
https://yourwebsite.com/where-is-miso-in-the-grocery-store/,https://yourwebsite.com/do-grocery-stores-accept-paypal/,Do Grocery Stores Accept Paypal
https://yourwebsite.com/where-is-molasses-in-the-grocery-store-what-aisle/,https://yourwebsite.com/can-international-students-make-money-from-youtube/,Can International Students Make Money from Youtube
https://yourwebsite.com/where-is-molasses-in-the-grocery-store-what-aisle/,https://yourwebsite.com/chinese-buying-property-in-the-usa/,Chinese Buying Property in the Usa
https://yourwebsite.com/where-is-molasses-in-the-grocery-store-what-aisle/,https://yourwebsite.com/how-long-does-electronic-transfer-take/,How Long Does Electronic Transfer Take
https://yourwebsite.com/where-is-tahini-in-walmart/,https://yourwebsite.com/does-wegmans-take-ebt/,Does Wegmans Take Ebt
https://yourwebsite.com/where-is-tahini-in-walmart/,https://yourwebsite.com/how-to-withdraw-money-from-a-savings-account/,How to Withdraw Money from a Savings Account
https://yourwebsite.com/where-is-tahini-in-walmart/,https://yourwebsite.com/creme-fraiche-where-to-find-it-and-how-to-use-it/,Creme Fraiche Where to Find It and How to Use It
https://yourwebsite.com/where-to-buy-bags-of-ice-near-me/,https://yourwebsite.com/does-kroger-take-ebt/,Does Kroger Take Ebt
https://yourwebsite.com/where-to-buy-bags-of-ice-near-me/,https://yourwebsite.com/how-to-save-30-000-in-a-year/,How to save 30 000 in a Year
https://yourwebsite.com/where-to-buy-bags-of-ice-near-me/,https://yourwebsite.com/does-debit-card-work-internationally/,Does Debit Card Work Internationally
https://yourwebsite.com/where-to-find-chia-seeds-in-the-grocery-store/,https://yourwebsite.com/does-safeway-take-ebt/,Does Safeway Take Ebt
https://yourwebsite.com/where-to-find-chia-seeds-in-the-grocery-store/,https://yourwebsite.com/wire-from-savings-account/,Wire from Savings Account
https://yourwebsite.com/where-to-find-chia-seeds-in-the-grocery-store/,https://yourwebsite.com/does-lidl-take-ebt/,Does Lidl Take Ebt
https://yourwebsite.com/where-to-find-citric-acid-at-the-grocery-store/,https://yourwebsite.com/usa-bank-account-for-non-residents/,Usa Bank Account for Non Residents
https://yourwebsite.com/where-to-find-citric-acid-at-the-grocery-store/,https://yourwebsite.com/is-most-baking-powder-aluminum-free/,Is Most Baking Powder Aluminum Free
https://yourwebsite.com/where-to-find-citric-acid-at-the-grocery-store/,https://yourwebsite.com/how-to-open-company-in-the-usa/,How to Open Company in the Usa
https://yourwebsite.com/where-to-find-cotija-cheese-in-grocery-store/,https://yourwebsite.com/where-to-find-citric-acid-at-the-grocery-store/,Where to Find Citric Acid at the Grocery Store
https://yourwebsite.com/where-to-find-cotija-cheese-in-grocery-store/,https://yourwebsite.com/best-state-to-form-an-llc/,Best State to Form an Llc
https://yourwebsite.com/where-to-find-cotija-cheese-in-grocery-store/,https://yourwebsite.com/does-hmart-take-ebt/,Does Hmart Take Ebt
https://yourwebsite.com/where-to-find-egg-roll-wrappers-in-the-grocery-store/,https://yourwebsite.com/what-time-does-sams-club-close-and-open/,What Time Does Sams Club Close and Open
https://yourwebsite.com/where-to-find-egg-roll-wrappers-in-the-grocery-store/,https://yourwebsite.com/does-publix-take-ebt/,Does Publix Take Ebt
https://yourwebsite.com/where-to-find-egg-roll-wrappers-in-the-grocery-store/,https://yourwebsite.com/does-walgreens-take-ebt/,Does Walgreens Take Ebt
https://yourwebsite.com/where-to-watch-pitch-perfect/,https://yourwebsite.com/where-is-buttermilk-in-a-grocery-store/,Where Is Buttermilk in a Grocery Store
https://yourwebsite.com/where-to-watch-pitch-perfect/,https://yourwebsite.com/where-to-find-chia-seeds-in-the-grocery-store/,Where to Find Chia Seeds in the Grocery Store
https://yourwebsite.com/where-to-watch-pitch-perfect/,https://yourwebsite.com/where-is-tahini-in-walmart/,Where Is Tahini in Walmart
https://yourwebsite.com/who-is-ziwe-fumudoh-how-rich-is-she/,https://yourwebsite.com/does-aldi-accept-ebt/,Does Aldi Accept Ebt
https://yourwebsite.com/who-is-ziwe-fumudoh-how-rich-is-she/,https://yourwebsite.com/does-trader-joes-take-ebt/,Does Trader Joes Take Ebt
https://yourwebsite.com/who-is-ziwe-fumudoh-how-rich-is-she/,https://yourwebsite.com/do-whole-foods-take-ebt/,Do Whole Foods Take Ebt
https://yourwebsite.com/wire-from-savings-account/,https://yourwebsite.com/does-costco-take-ebt/,Does Costco Take Ebt
https://yourwebsite.com/wire-from-savings-account/,https://yourwebsite.com/where-to-buy-bags-of-ice-near-me/,Where to Buy Bags of Ice near Me
https://yourwebsite.com/wire-from-savings-account/,https://yourwebsite.com/does-target-accept-ebt/,Does Target Accept Ebt
